timestamp,model_name,env_name,instruction,action_path,step_count,final_score
2026-01-09_22:44:45,grok-3,frozenlake,"Destinations: [(4, 4)]; Map: [['S', 'H', 'H', 'H', 'H'], ['F', 'H', 'H', 'H', 'H'], ['F', 'H', 'H', 'H', 'H'], ['F', 'H', 'H', 'H', 'H'], ['F', 'F', 'F', 'F', 'G']]","[1, 1, 2]",3,0
2026-01-09_22:44:48,grok-3,frozenlake,"Destinations: [(4, 4)]; Map: [['S', 'H', 'H', 'H', 'H'], ['F', 'H', 'H', 'H', 'H'], ['F', 'H', 'H', 'H', 'H'], ['F', 'H', 'H', 'H', 'H'], ['F', 'F', 'F', 'F', 'G']]",[2],1,0
2026-01-09_22:44:56,grok-3,frozenlake,"Destinations: [(4, 4)]; Map: [['S', 'H', 'H', 'H', 'H'], ['F', 'H', 'H', 'H', 'H'], ['F', 'H', 'H', 'H', 'H'], ['F', 'H', 'H', 'H', 'H'], ['F', 'F', 'F', 'F', 'G']]","[1, 2]",2,0
2026-01-09_22:45:01,grok-3,frozenlake,"Destinations: [(4, 4)]; Map: [['S', 'H', 'H', 'H', 'H'], ['F', 'H', 'H', 'H', 'H'], ['F', 'H', 'H', 'H', 'H'], ['F', 'H', 'H', 'H', 'H'], ['F', 'F', 'F', 'F', 'G']]","[1, 1, 1, 2]",4,0
2026-01-09_22:47:52,grok-3,frozenlake,"Destinations: [(4, 4)]; Map: [['S', 'H', 'H', 'H', 'H'], ['F', 'H', 'H', 'H', 'H'], ['F', 'H', 'H', 'H', 'H'], ['F', 'H', 'H', 'H', 'H'], ['F', 'F', 'F', 'F', 'G']]","[1, 1, 1, 1, 2, 2, 2, 2]",8,1.0
2026-01-09_22:48:01,grok-3,frozenlake,"Destinations: [(4, 4)]; Map: [['S', 'H', 'H', 'H', 'H'], ['F', 'H', 'H', 'H', 'H'], ['F', 'H', 'H', 'H', 'H'], ['F', 'H', 'H', 'H', 'H'], ['F', 'F', 'F', 'F', 'G']]","[1, 2]",2,0
2026-01-09_22:49:03,grok-3,frozenlake,"Destinations: [(4, 4)]; Map: [['S', 'H', 'H', 'H', 'H'], ['F', 'H', 'H', 'H', 'H'], ['F', 'H', 'H', 'H', 'H'], ['F', 'H', 'H', 'H', 'H'], ['F', 'F', 'F', 'F', 'G']]","[1, 1, 1, 2]",4,0
2026-01-09_22:50:04,grok-3,frozenlake,"Destinations: [(4, 4)]; Map: [['S', 'H', 'H', 'H', 'H'], ['F', 'H', 'H', 'H', 'H'], ['F', 'H', 'H', 'H', 'H'], ['F', 'H', 'H', 'H', 'H'], ['F', 'F', 'F', 'F', 'G']]","[1, 1, 1, 1, 2, 2, 2, 2]",8,1.0
2026-01-09_22:50:05,grok-3,frozenlake,"Destinations: [(4, 4)]; Map: [['S', 'H', 'H', 'H', 'H'], ['F', 'H', 'H', 'H', 'H'], ['F', 'H', 'H', 'H', 'H'], ['F', 'H', 'H', 'H', 'H'], ['F', 'F', 'F', 'F', 'G']]",[2],1,0
2026-01-09_22:50:06,grok-3,frozenlake,"Destinations: [(4, 4)]; Map: [['S', 'H', 'H', 'H', 'H'], ['F', 'H', 'H', 'H', 'H'], ['F', 'H', 'H', 'H', 'H'], ['F', 'H', 'H', 'H', 'H'], ['F', 'F', 'F', 'F', 'G']]",[2],1,0
2026-01-09_22:50:09,grok-3,frozenlake,"Destinations: [(4, 4)]; Map: [['S', 'H', 'H', 'H', 'H'], ['F', 'H', 'H', 'H', 'H'], ['F', 'H', 'H', 'H', 'H'], ['F', 'H', 'H', 'H', 'H'], ['F', 'F', 'F', 'F', 'G']]",[2],1,0
2026-01-09_22:50:15,grok-3,frozenlake,"Destinations: [(4, 4)]; Map: [['S', 'H', 'H', 'H', 'H'], ['F', 'H', 'H', 'H', 'H'], ['F', 'H', 'H', 'H', 'H'], ['F', 'H', 'H', 'H', 'H'], ['F', 'F', 'F', 'F', 'G']]","[1, 1, 2]",3,0
2026-01-09_22:51:16,grok-3,frozenlake,"Destinations: [(4, 4)]; Map: [['S', 'H', 'H', 'H', 'H'], ['F', 'H', 'H', 'H', 'H'], ['F', 'H', 'H', 'H', 'H'], ['F', 'H', 'H', 'H', 'H'], ['F', 'F', 'F', 'F', 'G']]","[1, 1, 1, 2]",4,0
2026-01-09_22:51:47,grok-3,frozenlake,"Destinations: [(4, 4)]; Map: [['S', 'H', 'H', 'H', 'H'], ['F', 'H', 'H', 'H', 'H'], ['F', 'H', 'H', 'H', 'H'], ['F', 'H', 'H', 'H', 'H'], ['F', 'F', 'F', 'F', 'G']]","[1, 2]",2,0
2026-01-09_22:52:53,grok-3,frozenlake,"Destinations: [(4, 4)]; Map: [['S', 'H', 'H', 'H', 'H'], ['F', 'H', 'H', 'H', 'H'], ['F', 'H', 'H', 'H', 'H'], ['F', 'H', 'H', 'H', 'H'], ['F', 'F', 'F', 'F', 'G']]","[1, 1, 1, 1, 2, 2, 2, 2]",8,1.0
2026-01-09_22:54:02,grok-3,frozenlake,"Destinations: [(4, 4)]; Map: [['S', 'H', 'H', 'H', 'H'], ['F', 'H', 'H', 'H', 'H'], ['F', 'H', 'H', 'H', 'H'], ['F', 'H', 'H', 'H', 'H'], ['F', 'F', 'F', 'F', 'G']]","[1, 1, 1, 1, 2, 2, 2, 2]",8,1.0
2026-01-09_22:56:10,grok-3,frozenlake,"Destinations: [(4, 4)]; Map: [['S', 'H', 'H', 'H', 'H'], ['F', 'H', 'H', 'H', 'H'], ['F', 'H', 'H', 'H', 'H'], ['F', 'H', 'H', 'H', 'H'], ['F', 'F', 'F', 'F', 'G']]","[1, 1, 1, 1, 2, 2, 2, 2]",8,1.0
2026-01-09_22:56:13,grok-3,frozenlake,"Destinations: [(4, 4)]; Map: [['S', 'H', 'H', 'H', 'H'], ['F', 'H', 'H', 'H', 'H'], ['F', 'H', 'H', 'H', 'H'], ['F', 'H', 'H', 'H', 'H'], ['F', 'F', 'F', 'F', 'G']]",[2],1,0
2026-01-09_22:56:47,grok-3,frozenlake,"Destinations: [(4, 4)]; Map: [['S', 'H', 'H', 'H', 'H'], ['F', 'H', 'H', 'H', 'H'], ['F', 'H', 'H', 'H', 'H'], ['F', 'H', 'H', 'H', 'H'], ['F', 'F', 'F', 'F', 'G']]","[1, 1, 2]",3,0
2026-01-09_22:57:07,grok-3,frozenlake,"Destinations: [(4, 4)]; Map: [['S', 'H', 'H', 'H', 'H'], ['F', 'H', 'H', 'H', 'H'], ['F', 'H', 'H', 'H', 'H'], ['F', 'H', 'H', 'H', 'H'], ['F', 'F', 'F', 'F', 'G']]","[1, 2]",2,0
2026-01-09_22:57:38,grok-3,frozenlake,"Destinations: [(4, 4)]; Map: [['S', 'F', 'F', 'F', 'H'], ['H', 'H', 'H', 'F', 'H'], ['H', 'H', 'H', 'F', 'H'], ['H', 'H', 'H', 'F', 'F'], ['H', 'H', 'H', 'H', 'G']]","[2, 2, 1]",3,0
2026-01-09_22:58:15,grok-3,frozenlake,"Destinations: [(4, 4)]; Map: [['S', 'F', 'F', 'F', 'H'], ['H', 'H', 'H', 'F', 'H'], ['H', 'H', 'H', 'F', 'H'], ['H', 'H', 'H', 'F', 'F'], ['H', 'H', 'H', 'H', 'G']]","[2, 1]",2,0
2026-01-09_22:58:18,grok-3,frozenlake,"Destinations: [(4, 4)]; Map: [['S', 'F', 'F', 'F', 'H'], ['H', 'H', 'H', 'F', 'H'], ['H', 'H', 'H', 'F', 'H'], ['H', 'H', 'H', 'F', 'F'], ['H', 'H', 'H', 'H', 'G']]",[1],1,0
2026-01-09_22:58:21,grok-3,frozenlake,"Destinations: [(4, 4)]; Map: [['S', 'F', 'F', 'F', 'H'], ['H', 'H', 'H', 'F', 'H'], ['H', 'H', 'H', 'F', 'H'], ['H', 'H', 'H', 'F', 'F'], ['H', 'H', 'H', 'H', 'G']]",[1],1,0
2026-01-09_22:58:50,grok-3,frozenlake,"Destinations: [(4, 4)]; Map: [['S', 'F', 'F', 'F', 'H'], ['H', 'H', 'H', 'F', 'H'], ['H', 'H', 'H', 'F', 'H'], ['H', 'H', 'H', 'F', 'F'], ['H', 'H', 'H', 'H', 'G']]","[2, 1]",2,0
2026-01-09_22:58:53,grok-3,frozenlake,"Destinations: [(4, 4)]; Map: [['S', 'F', 'F', 'F', 'H'], ['H', 'H', 'H', 'F', 'H'], ['H', 'H', 'H', 'F', 'H'], ['H', 'H', 'H', 'F', 'F'], ['H', 'H', 'H', 'H', 'G']]",[1],1,0
2026-01-09_22:59:20,grok-3,frozenlake,"Destinations: [(4, 4)]; Map: [['S', 'F', 'F', 'F', 'H'], ['H', 'H', 'H', 'F', 'H'], ['H', 'H', 'H', 'F', 'H'], ['H', 'H', 'H', 'F', 'F'], ['H', 'H', 'H', 'H', 'G']]","[2, 1]",2,0
2026-01-09_22:59:43,grok-3,frozenlake,"Destinations: [(4, 4)]; Map: [['S', 'F', 'F', 'F', 'H'], ['H', 'H', 'H', 'F', 'H'], ['H', 'H', 'H', 'F', 'H'], ['H', 'H', 'H', 'F', 'F'], ['H', 'H', 'H', 'H', 'G']]","[2, 1]",2,0
2026-01-09_22:59:45,grok-3,frozenlake,"Destinations: [(4, 4)]; Map: [['S', 'F', 'F', 'F', 'H'], ['H', 'H', 'H', 'F', 'H'], ['H', 'H', 'H', 'F', 'H'], ['H', 'H', 'H', 'F', 'F'], ['H', 'H', 'H', 'H', 'G']]",[1],1,0
2026-01-09_22:59:47,grok-3,frozenlake,"Destinations: [(4, 4)]; Map: [['S', 'F', 'F', 'F', 'H'], ['H', 'H', 'H', 'F', 'H'], ['H', 'H', 'H', 'F', 'H'], ['H', 'H', 'H', 'F', 'F'], ['H', 'H', 'H', 'H', 'G']]",[1],1,0
2026-01-09_22:59:53,grok-3,frozenlake,"Destinations: [(4, 4)]; Map: [['S', 'F', 'F', 'F', 'H'], ['H', 'H', 'H', 'F', 'H'], ['H', 'H', 'H', 'F', 'H'], ['H', 'H', 'H', 'F', 'F'], ['H', 'H', 'H', 'H', 'G']]","[2, 1]",2,0
2026-01-09_22:59:55,grok-3,frozenlake,"Destinations: [(4, 4)]; Map: [['S', 'F', 'F', 'F', 'H'], ['H', 'H', 'H', 'F', 'H'], ['H', 'H', 'H', 'F', 'H'], ['H', 'H', 'H', 'F', 'F'], ['H', 'H', 'H', 'H', 'G']]",[1],1,0
2026-01-09_23:00:25,grok-3,frozenlake,"Destinations: [(4, 4)]; Map: [['S', 'F', 'F', 'F', 'H'], ['H', 'H', 'H', 'F', 'H'], ['H', 'H', 'H', 'F', 'H'], ['H', 'H', 'H', 'F', 'F'], ['H', 'H', 'H', 'H', 'G']]",[1],1,0
2026-01-09_23:00:59,grok-3,frozenlake,"Destinations: [(4, 4)]; Map: [['S', 'F', 'F', 'F', 'H'], ['H', 'H', 'H', 'F', 'H'], ['H', 'H', 'H', 'F', 'H'], ['H', 'H', 'H', 'F', 'F'], ['H', 'H', 'H', 'H', 'G']]",[1],1,0
2026-01-09_23:01:22,grok-3,frozenlake,"Destinations: [(4, 4)]; Map: [['S', 'F', 'F', 'F', 'H'], ['H', 'H', 'H', 'F', 'H'], ['H', 'H', 'H', 'F', 'H'], ['H', 'H', 'H', 'F', 'F'], ['H', 'H', 'H', 'H', 'G']]","[2, 1]",2,0
2026-01-09_23:01:55,grok-3,frozenlake,"Destinations: [(4, 4)]; Map: [['S', 'F', 'F', 'F', 'H'], ['H', 'H', 'H', 'F', 'H'], ['H', 'H', 'H', 'F', 'H'], ['H', 'H', 'H', 'F', 'F'], ['H', 'H', 'H', 'H', 'G']]","[2, 1]",2,0
2026-01-09_23:02:17,grok-3,frozenlake,"Destinations: [(4, 4)]; Map: [['S', 'F', 'F', 'F', 'H'], ['H', 'H', 'H', 'F', 'H'], ['H', 'H', 'H', 'F', 'H'], ['H', 'H', 'H', 'F', 'F'], ['H', 'H', 'H', 'H', 'G']]",[1],1,0
2026-01-09_23:02:23,grok-3,frozenlake,"Destinations: [(4, 4)]; Map: [['S', 'F', 'F', 'F', 'H'], ['H', 'H', 'H', 'F', 'H'], ['H', 'H', 'H', 'F', 'H'], ['H', 'H', 'H', 'F', 'F'], ['H', 'H', 'H', 'H', 'G']]","[2, 2, 1]",3,0
2026-01-09_23:02:49,grok-3,frozenlake,"Destinations: [(4, 4)]; Map: [['S', 'F', 'F', 'F', 'H'], ['H', 'H', 'H', 'F', 'H'], ['H', 'H', 'H', 'F', 'H'], ['H', 'H', 'H', 'F', 'F'], ['H', 'H', 'H', 'H', 'G']]",[1],1,0
2026-01-09_23:02:50,grok-3,frozenlake,"Destinations: [(4, 4)]; Map: [['S', 'F', 'F', 'F', 'H'], ['H', 'H', 'H', 'F', 'H'], ['H', 'H', 'H', 'F', 'H'], ['H', 'H', 'H', 'F', 'F'], ['H', 'H', 'H', 'H', 'G']]",[1],1,0
2026-01-09_23:02:51,grok-3,frozenlake,"Destinations: [(4, 4)]; Map: [['S', 'H', 'H', 'H', 'H'], ['F', 'F', 'F', 'H', 'H'], ['H', 'H', 'F', 'H', 'H'], ['H', 'H', 'F', 'F', 'H'], ['H', 'H', 'H', 'F', 'G']]",[2],1,0
2026-01-09_23:02:51,grok-3,frozenlake,"Destinations: [(4, 4)]; Map: [['S', 'H', 'H', 'H', 'H'], ['F', 'F', 'F', 'H', 'H'], ['H', 'H', 'F', 'H', 'H'], ['H', 'H', 'F', 'F', 'H'], ['H', 'H', 'H', 'F', 'G']]",[2],1,0
2026-01-09_23:02:59,grok-3,frozenlake,"Destinations: [(4, 4)]; Map: [['S', 'H', 'H', 'H', 'H'], ['F', 'F', 'F', 'H', 'H'], ['H', 'H', 'F', 'H', 'H'], ['H', 'H', 'F', 'F', 'H'], ['H', 'H', 'H', 'F', 'G']]","[1, 1]",2,0
2026-01-09_23:03:00,grok-3,frozenlake,"Destinations: [(4, 4)]; Map: [['S', 'H', 'H', 'H', 'H'], ['F', 'F', 'F', 'H', 'H'], ['H', 'H', 'F', 'H', 'H'], ['H', 'H', 'F', 'F', 'H'], ['H', 'H', 'H', 'F', 'G']]",[2],1,0
2026-01-09_23:03:31,grok-3,frozenlake,"Destinations: [(4, 4)]; Map: [['S', 'H', 'H', 'H', 'H'], ['F', 'F', 'F', 'H', 'H'], ['H', 'H', 'F', 'H', 'H'], ['H', 'H', 'F', 'F', 'H'], ['H', 'H', 'H', 'F', 'G']]","[1, 1]",2,0
2026-01-09_23:04:05,grok-3,frozenlake,"Destinations: [(4, 4)]; Map: [['S', 'H', 'H', 'H', 'H'], ['F', 'F', 'F', 'H', 'H'], ['H', 'H', 'F', 'H', 'H'], ['H', 'H', 'F', 'F', 'H'], ['H', 'H', 'H', 'F', 'G']]","[1, 1]",2,0
2026-01-09_23:04:34,grok-3,frozenlake,"Destinations: [(4, 4)]; Map: [['S', 'H', 'H', 'H', 'H'], ['F', 'F', 'F', 'H', 'H'], ['H', 'H', 'F', 'H', 'H'], ['H', 'H', 'F', 'F', 'H'], ['H', 'H', 'H', 'F', 'G']]","[1, 1]",2,0
2026-01-09_23:04:35,grok-3,frozenlake,"Destinations: [(4, 4)]; Map: [['S', 'H', 'H', 'H', 'H'], ['F', 'F', 'F', 'H', 'H'], ['H', 'H', 'F', 'H', 'H'], ['H', 'H', 'F', 'F', 'H'], ['H', 'H', 'H', 'F', 'G']]",[2],1,0
2026-01-09_23:05:02,grok-3,frozenlake,"Destinations: [(4, 4)]; Map: [['S', 'H', 'H', 'H', 'H'], ['F', 'F', 'F', 'H', 'H'], ['H', 'H', 'F', 'H', 'H'], ['H', 'H', 'F', 'F', 'H'], ['H', 'H', 'H', 'F', 'G']]","[1, 1]",2,0
2026-01-09_23:05:02,grok-3,frozenlake,"Destinations: [(4, 4)]; Map: [['S', 'H', 'H', 'H', 'H'], ['F', 'F', 'F', 'H', 'H'], ['H', 'H', 'F', 'H', 'H'], ['H', 'H', 'F', 'F', 'H'], ['H', 'H', 'H', 'F', 'G']]",[2],1,0
2026-01-09_23:05:04,grok-3,frozenlake,"Destinations: [(4, 4)]; Map: [['S', 'H', 'H', 'H', 'H'], ['F', 'F', 'F', 'H', 'H'], ['H', 'H', 'F', 'H', 'H'], ['H', 'H', 'F', 'F', 'H'], ['H', 'H', 'H', 'F', 'G']]",[2],1,0
2026-01-09_23:05:30,grok-3,frozenlake,"Destinations: [(4, 4)]; Map: [['S', 'H', 'H', 'H', 'H'], ['F', 'F', 'F', 'H', 'H'], ['H', 'H', 'F', 'H', 'H'], ['H', 'H', 'F', 'F', 'H'], ['H', 'H', 'H', 'F', 'G']]","[1, 1]",2,0
2026-01-09_23:05:33,grok-3,frozenlake,"Destinations: [(4, 4)]; Map: [['S', 'H', 'H', 'H', 'H'], ['F', 'F', 'F', 'H', 'H'], ['H', 'H', 'F', 'H', 'H'], ['H', 'H', 'F', 'F', 'H'], ['H', 'H', 'H', 'F', 'G']]",[2],1,0
2026-01-09_23:05:54,grok-3,frozenlake,"Destinations: [(4, 4)]; Map: [['S', 'H', 'H', 'H', 'H'], ['F', 'F', 'F', 'H', 'H'], ['H', 'H', 'F', 'H', 'H'], ['H', 'H', 'F', 'F', 'H'], ['H', 'H', 'H', 'F', 'G']]","[1, 1]",2,0
2026-01-09_23:06:16,grok-3,frozenlake,"Destinations: [(4, 4)]; Map: [['S', 'H', 'H', 'H', 'H'], ['F', 'F', 'F', 'H', 'H'], ['H', 'H', 'F', 'H', 'H'], ['H', 'H', 'F', 'F', 'H'], ['H', 'H', 'H', 'F', 'G']]","[1, 1]",2,0
2026-01-09_23:06:17,grok-3,frozenlake,"Destinations: [(4, 4)]; Map: [['S', 'H', 'H', 'H', 'H'], ['F', 'F', 'F', 'H', 'H'], ['H', 'H', 'F', 'H', 'H'], ['H', 'H', 'F', 'F', 'H'], ['H', 'H', 'H', 'F', 'G']]",[2],1,0
2026-01-09_23:06:19,grok-3,frozenlake,"Destinations: [(4, 4)]; Map: [['S', 'H', 'H', 'H', 'H'], ['F', 'F', 'F', 'H', 'H'], ['H', 'H', 'F', 'H', 'H'], ['H', 'H', 'F', 'F', 'H'], ['H', 'H', 'H', 'F', 'G']]",[2],1,0
2026-01-09_23:07:46,grok-3,frozenlake,"Destinations: [(4, 4)]; Map: [['S', 'H', 'H', 'H', 'H'], ['F', 'F', 'F', 'H', 'H'], ['H', 'H', 'F', 'H', 'H'], ['H', 'H', 'F', 'F', 'H'], ['H', 'H', 'H', 'F', 'G']]","[1, 2, 2, 1, 2]",5,0
2026-01-09_23:07:46,grok-3,frozenlake,"Destinations: [(4, 4)]; Map: [['S', 'H', 'H', 'H', 'H'], ['F', 'F', 'F', 'H', 'H'], ['H', 'H', 'F', 'H', 'H'], ['H', 'H', 'F', 'F', 'H'], ['H', 'H', 'H', 'F', 'G']]",[2],1,0
2026-01-09_23:07:49,grok-3,frozenlake,"Destinations: [(4, 4)]; Map: [['S', 'H', 'H', 'H', 'H'], ['F', 'F', 'F', 'H', 'H'], ['H', 'H', 'F', 'H', 'H'], ['H', 'H', 'F', 'F', 'H'], ['H', 'H', 'H', 'F', 'G']]",[2],1,0
